Image,object,Person
Person40_1,redDart,Person40
Person40_2,redDart,Person40
Person40_3,eyeball,Person40
Person40_4,eyeball,Person40
Person40_5,glassBead,Person40
Person40_5,hairClip,Person40
Person40_6,metalKey,Person40
Person40_7,pinkEraser,Person40
Person40_8,pinkEraser,Person40
Person40_9,pinkEraser,Person40
Person40_10,redBow,Person40
Person30_1,carabiner,Person30
Person30_1,silverStraw,Person30
Person30_1,rubiksCube,Person30
Person30_1,rainbowPens,Person30
Person30_1,giftBag,Person30
Person30_1,metalKey,Person30
Person30_2,rainbowPens,Person30
Person30_2,silverStraw,Person30
Person30_2,metalKey,Person30
Person30_3,rainbowPens,Person30
Person30_3,silverStraw,Person30
Person30_3,metalKey,Person30
Person30_4,rainbowPens,Person30
Person30_5,metalKey,Person30
Person30_6,carabiner,Person30
Person30_6,silverStraw,Person30
Person30_6,rubiksCube,Person30
Person30_6,rainbowPens,Person30
Person30_6,giftBag,Person30
Person30_6,metalKey,Person30
Person30_7,rainbowPens,Person30
Person30_7,silverStraw,Person30
Person30_7,metalKey,Person30
Person30_8,rainbowPens,Person30
Person30_8,silverStraw,Person30
Person30_8,metalKey,Person30
Person30_9,rainbowPens,Person30
Person30_10,metalKey,Person30
Person30_11,carabiner,Person30
Person30_11,rainbowPens,Person30
Person30_11,rubiksCube,Person30
Person30_11,eyeball,Person30
Person30_11,metalKey,Person30
Person30_11,silverStraw,Person30
Person30_12,carabiner,Person30
Person30_12,rainbowPens,Person30
Person30_12,rubiksCube,Person30
Person30_12,eyeball,Person30
Person30_12,metalKey,Person30
Person30_12,silverStraw,Person30
Person30_13,rainbowPens,Person30
Person30_13,rubiksCube,Person30
Person30_13,eyeball,Person30
Person30_13,giftBag,Person30
Person30_14,rainbowPens,Person30
Person30_14,rubiksCube,Person30
Person30_14,eyeball,Person30
Person30_14,carabiner,Person30
Person30_15,rainbowPens,Person30
Person30_15,rubiksCube,Person30
Person30_15,metalKey,Person30
Person30_16,rainbowPens,Person30
Person30_16,rubiksCube,Person30
Person30_16,metalKey,Person30
Person30_16,eyeball,Person30
Person30_16,giftBag,Person30
Person30_16,silverStraw,Person30
Person30_17,rainbowPens,Person30
Person30_17,rubiksCube,Person30
Person30_17,metalKey,Person30
Person30_17,carabiner,Person30
Person30_17,eyeball,Person30
Person30_18,rainbowPens,Person30
Person30_18,rubiksCube,Person30
Person30_18,eyeball,Person30
Person30_18,metalKey,Person30
Person30_18,giftBag,Person30
Person30_18,silverStraw,Person30
Person30_18,carabiner,Person30
Person24_1,miniCards,Person24
Person24_2,miniCards,Person24
Person24_3,miniCards,Person24
Person24_3,gClamp,Person24
Person24_4,miniCards,Person24
Person24_4,gClamp,Person24
Person24_4,spiderRing,Person24
Person24_5,spiderRing,Person24
Person24_5,legoBracelet,Person24
Person24_6,gClamp,Person24
Person24_7,legoBracelet,Person24
Person24_7,miniCards,Person24
Person24_7,spiderRing,Person24
Person24_8,silverStraw,Person24
Person24_9,silverStraw,Person24
Person24_10,gClamp,Person24
Person24_10,silverStraw,Person24
Person24_10,legoBracelet,Person24
Person24_10,miniCards,Person24
Person24_11,gClamp,Person24
Person24_11,silverStraw,Person24
Person24_11,legoBracelet,Person24
Person24_11,miniCards,Person24
Person24_12,gClamp,Person24
Person24_12,silverStraw,Person24
Person24_12,legoBracelet,Person24
Person24_12,miniCards,Person24
Person24_12,plaidPencil,Person24
Person24_13,gClamp,Person24
Person24_13,silverStraw,Person24
Person24_13,legoBracelet,Person24
Person24_13,miniCards,Person24
Person24_13,plaidPencil,Person24
Person24_14,voiceRecorder,Person24
Person18_1,birdCall,Person18
Person18_2,silverStraw,Person18
Person18_3,lavenderDie,Person18
Person18_4,lavenderDie,Person18
Person18_5,pinkEraser,Person18
Person18_6,redWhistle,Person18
Person18_7,giftBag,Person18
Person18_8,metalKey,Person18
Person18_9,giftBag,Person18
Person18_9,silverStraw,Person18
Person18_9,pinkEraser,Person18
Person18_9,redWhistle,Person18
Person18_9,birdCall,Person18
Person18_9,lavenderDie,Person18
Person18_9,metalKey,Person18
Person19_1,eyeball,Person19
Person19_2,eyeball,Person19
Person19_3,pinkEraser,Person19
Person19_3,gClamp,Person19
Person19_4,pinkEraser,Person19
Person19_4,gClamp,Person19
Person19_4,glassBead,Person19
Person19_5,pinkEraser,Person19
Person19_5,gClamp,Person19
Person19_5,glassBead,Person19
Person19_6,hairRoller,Person19
Person19_6,gClamp,Person19
Person19_7,hairRoller,Person19
Person19_7,gClamp,Person19
Person19_7,glassBead,Person19
Person19_7,pinkEraser,Person19
Person19_7,paperPlate,Person19
Person19_7,gyroscope,Person19
Person19_8,hairRoller,Person19
Person19_8,gClamp,Person19
Person19_8,glassBead,Person19
Person19_8,pinkEraser,Person19
Person19_8,paperPlate,Person19
Person19_8,gyroscope,Person19
Person25_1,paperPlate,Person25
Person25_2,paperPlate,Person25
Person25_3,sign,Person25
Person25_3,paperPlate,Person25
Person25_4,sign,Person25
Person25_4,paperPlate,Person25
Person25_5,sign,Person25
Person25_5,paperPlate,Person25
Person25_6,sign,Person25
Person25_7,sign,Person25
Person25_8,sign,Person25
Person25_9,canadaPencil,Person25
Person25_10,canadaPencil,Person25
Person25_11,canadaPencil,Person25
Person25_12,miniCards,Person25
Person25_13,miniCards,Person25
Person25_14,miniCards,Person25
Person25_15,miniCards,Person25
Person25_16,miniCards,Person25
Person25_16,paperPlate,Person25
Person25_17,carabiner,Person25
Person25_18,carabiner,Person25
Person25_19,carabiner,Person25
Person25_20,partyFavor,Person25
Person25_21,partyFavor,Person25
Person25_22,partyFavor,Person25
Person25_22,paperPlate,Person25
Person25_23,partyFavor,Person25
Person25_23,brownDie,Person25
Person25_24,brownDie,Person25
Person25_25,brownDie,Person25
Person25_26,partyFavor,Person25
Person25_26,miniCards,Person25
Person31_1,cupcakePaper,Person31
Person31_1,blueSunglasses,Person31
Person31_1,turtle,Person31
Person31_1,paperPlate,Person31
Person31_1,rainbowPens,Person31
Person31_2,rainbowPens,Person31
Person31_2,paperPlate,Person31
Person31_2,turtle,Person31
Person31_2,blueSunglasses,Person31
Person31_2,cupcakePaper,Person31
Person31_3,rainbowPens,Person31
Person31_3,paperPlate,Person31
Person31_3,turtle,Person31
Person31_3,blueSunglasses,Person31
Person31_3,cupcakePaper,Person31
Person31_4,paperPlate,Person31
Person31_4,turtle,Person31
Person31_4,blueSunglasses,Person31
Person31_4,glassBead,Person31
Person31_5,stickerBox,Person31
Person27_1,carabiner,Person27
Person27_2,carabiner,Person27
Person27_3,carabiner,Person27
Person27_4,blueSunglasses,Person27
Person27_5,blueSunglasses,Person27
Person27_6,blueSunglasses,Person27
Person27_7,blueSunglasses,Person27
Person27_8,hairRoller,Person27
Person27_9,legoBracelet,Person27
Person27_10,legoBracelet,Person27
Person27_11,legoBracelet,Person27
Person27_12,pinkCandle,Person27
Person27_13,pumpkinNotes,Person27
Person27_14,pumpkinNotes,Person27
Person33_1,foamDart,Person33
Person33_1,brownDie,Person33
Person33_2,giftBag,Person33
Person33_3,redWhistle,Person33
Person33_4,brownDie,Person33
Person33_5,redWhistle,Person33
Person33_6,foamDart,Person33
Person33_7,giftBag,Person33
Person33_8,foamDart,Person33
Person33_8,redWhistle,Person33
Person33_8,brownDie,Person33
Person33_9,brownDie,Person33
Person33_10,brownDie,Person33
Person33_10,turtle,Person33
Person33_11,foamDart,Person33
Person33_12,foamDart,Person33
Person33_12,hairRoller,Person33
Person33_13,foamDart,Person33
Person33_13,hairRoller,Person33
Person33_14,brownDie,Person33
Person33_15,brownDie,Person33
Person33_16,turtle,Person33
Person33_17,giftBag,Person33
Person33_18,turtle,Person33
Person33_19,redWhistle,Person33
Person33_20,foamDart,Person33
Person33_21,redWhistle,Person33
Person33_22,giftBag,Person33
Person33_23,foamDart,Person33
Person33_24,giftBag,Person33
Person33_24,foamDart,Person33
Person33_24,turtle,Person33
Person33_25,redWhistle,Person33
Person33_26,redWhistle,Person33
Person33_27,redWhistle,Person33
Person33_28,pinkEraser,Person33
Person33_29,turtle,Person33
Person33_30,turtle,Person33
Person33_31,turtle,Person33
Person33_31,hairRoller,Person33
Person33_32,turtle,Person33
Person33_32,hairRoller,Person33
Person33_33,turtle,Person33
Person33_33,brownDie,Person33
Person33_34,turtle,Person33
Person33_34,brownDie,Person33
Person33_34,redWhistle,Person33
Person33_35,turtle,Person33
Person33_36,turtle,Person33
Person33_36,hairRoller,Person33
Person33_37,foamDart,Person33
Person33_38,turtle,Person33
Person33_39,turtle,Person33
Person33_40,foamDart,Person33
Person33_40,giftBag,Person33
Person33_41,foamDart,Person33
Person33_42,turtle,Person33
Person33_43,turtle,Person33
Person33_43,giftBag,Person33
Person33_44,turtle,Person33
Person33_45,turtle,Person33
Person33_45,giftBag,Person33
Person33_46,turtle,Person33
Person33_47,turtle,Person33
Person33_48,turtle,Person33
Person33_48,hairRoller,Person33
Person33_49,giftBag,Person33
Person33_50,turtle,Person33
Person33_51,foamDart,Person33
Person33_51,giftBag,Person33
Person33_52,turtle,Person33
Person33_53,brownDie,Person33
Person33_53,giftBag,Person33
Person33_54,turtle,Person33
Person33_54,hairRoller,Person33
Person33_55,turtle,Person33
Person33_56,turtle,Person33
Person33_56,foamDart,Person33
Person33_57,foamDart,Person33
Person33_58,turtle,Person33
Person33_58,brownDie,Person33
Person33_59,foamDart,Person33
Person33_60,turtle,Person33
Person33_61,brownDie,Person33
Person32_1,none,Person32
Person32_2,none,Person32
Person32_3,none,Person32
Person32_4,none,Person32
Person32_5,pumpkinNotes,Person32
Person32_6,plaidPencil,Person32
Person32_7,turtle,Person32
Person32_8,metalKey,Person32
Person32_9,miniCards,Person32
Person32_10,cloudSign,Person32
Person32_11,cloudSign,Person32
Person32_11,turtle,Person32
Person32_12,metalKey,Person32
Person32_12,miniCards,Person32
Person32_13,cloudSign,Person32
Person32_14,turtle,Person32
Person32_15,miniCards,Person32
Person32_16,plaidPencil,Person32
Person32_17,metalKey,Person32
Person32_18,pumpkinNotes,Person32
Person32_18,plaidPencil,Person32
Person32_18,turtle,Person32
Person32_19,miniCards,Person32
Person32_20,turtle,Person32
Person32_21,plaidPencil,Person32
Person32_22,metalKey,Person32
Person32_23,pumpkinNotes,Person32
Person32_24,cloudSign,Person32
Person32_25,cloudSign,Person32
Person32_26,miniCards,Person32
Person32_27,turtle,Person32
Person32_28,pumpkinNotes,Person32
Person32_29,cloudSign,Person32
Person32_30,plaidPencil,Person32
Person32_31,pumpkinNotes,Person32
Person32_32,none,Person32
Person32_33,metalKey,Person32
Person32_34,none,Person32
Person32_35,none,Person32
Person32_36,plaidPencil,Person32
Person32_37,pumpkinNotes,Person32
Person32_37,miniCards,Person32
Person32_38,turtle,Person32
Person32_39,metalKey,Person32
Person32_40,cloudSign,Person32
Person32_41,none,Person32
Person32_42,none,Person32
Person32_43,turtle,Person32
Person32_44,none,Person32
Person32_45,none,Person32
Person32_46,none,Person32
Person32_47,metalKey,Person32
Person32_48,metalKey,Person32
Person32_48,miniCards,Person32
Person32_49,yellowBag,Person32
Person32_50,pumpkinNotes,Person32
Person32_51,pumpkinNotes,Person32
Person32_52,miniCards,Person32
Person32_53,metalKey,Person32
Person32_54,miniCards,Person32
Person32_54,turtle,Person32
Person32_55,pumpkinNotes,Person32
Person32_55,plaidPencil,Person32
Person32_56,cloudSign,Person32
Person26_1,none,Person26
Person26_2,foamDart,Person26
Person26_2,gyroscope,Person26
Person26_3,voiceRecorder,Person26
Person26_4,vancouverCards,Person26
Person26_5,cloudSign,Person26
Person26_6,carabiner,Person26
Person22_1,foamDart,Person22
Person22_1,gClamp,Person22
Person22_2,trophy,Person22
Person22_2,blueSunglasses,Person22
Person22_3,canadaPencil,Person22
Person22_4,trophy,Person22
Person22_4,gClamp,Person22
Person22_4,stickerBox,Person22
Person22_4,giftBag,Person22
Person22_4,foamDart,Person22
Person22_5,stickerBox,Person22
Person22_5,canadaPencil,Person22
Person22_6,foamDart,Person22
Person22_6,blueSunglasses,Person22
Person22_7,foamDart,Person22
Person22_7,gClamp,Person22
Person22_7,giftBag,Person22
Person22_8,trophy,Person22
Person22_8,blueSunglasses,Person22
Person36_1,voiceRecorder,Person36
Person36_2,turtle,Person36
Person36_3,turtle,Person36
Person36_4,hairClip,Person36
Person36_5,hairClip,Person36
Person36_5,lavenderDie,Person36
Person36_6,sign,Person36
Person36_7,silverStraw,Person36
Person36_8,noisemaker,Person36
Person37_1,noisemaker,Person37
Person37_2,gyroscope,Person37
Person37_3,gyroscope,Person37
Person37_4,paperPlate,Person37
Person37_5,cloudSign,Person37
Person37_6,redDart,Person37
Person37_7,partyFavor,Person37
Person37_8,hairRoller,Person37
Person37_9,noisemaker,Person37
Person37_9,hairRoller,Person37
Person37_9,gyroscope,Person37
Person37_9,redDart,Person37
Person37_9,partyFavor,Person37
Person37_9,paperPlate,Person37
Person37_9,cloudSign,Person37
Person37_10,cloudSign,Person37
Person37_10,paperPlate,Person37
Person37_11,noisemaker,Person37
Person37_11,partyFavor,Person37
Person37_12,gyroscope,Person37
Person37_13,redDart,Person37
Person37_13,hairRoller,Person37
Person37_13,paperPlate,Person37
Person37_13,cloudSign,Person37
Person37_14,gyroscope,Person37
Person37_14,redDart,Person37
Person37_14,hairRoller,Person37
Person37_14,paperPlate,Person37
Person37_14,cloudSign,Person37
Person37_15,gyroscope,Person37
Person37_15,redDart,Person37
Person37_15,hairRoller,Person37
Person37_15,paperPlate,Person37
Person37_15,cloudSign,Person37
Person37_16,cloudSign,Person37
Person37_16,paperPlate,Person37
Person37_16,noisemaker,Person37
Person37_17,noisemaker,Person37
Person37_18,gyroscope,Person37
Person37_19,cloudSign,Person37
Person37_20,paperPlate,Person37
Person37_20,hairRoller,Person37
Person37_21,redDart,Person37
Person37_22,cloudSign,Person37
Person37_22,noisemaker,Person37
Person37_23,partyFavor,Person37
Person37_23,gyroscope,Person37
Person37_24,redDart,Person37
Person37_24,hairRoller,Person37
Person23_1,cupcakePaper,Person23
Person23_1,rainbowPens,Person23
Person23_1,gClamp,Person23
Person23_1,redWhistle,Person23
Person23_1,brownDie,Person23
Person23_1,pinkCandle,Person23
Person23_2,cupcakePaper,Person23
Person23_2,brownDie,Person23
Person23_2,gClamp,Person23
Person23_2,redWhistle,Person23
Person23_3,rainbowPens,Person23
Person23_4,rainbowPens,Person23
Person23_4,redWhistle,Person23
Person23_5,redWhistle,Person23
Person23_5,rainbowPens,Person23
Person23_6,none,Person23
Person23_7,gClamp,Person23
Person23_8,gClamp,Person23
Person23_9,gClamp,Person23
Person23_10,gClamp,Person23
Person23_11,gClamp,Person23
Person23_12,gClamp,Person23
Person23_13,gClamp,Person23
Person23_14,gClamp,Person23
Person23_15,gClamp,Person23
Person23_16,gClamp,Person23
Person23_17,gClamp,Person23
Person23_18,gClamp,Person23
Person23_19,gClamp,Person23
Person23_20,redWhistle,Person23
Person23_21,redWhistle,Person23
Person23_22,redWhistle,Person23
Person23_23,redWhistle,Person23
Person23_24,redWhistle,Person23
Person23_25,redWhistle,Person23
Person23_26,redWhistle,Person23
Person23_27,redWhistle,Person23
Person23_28,redWhistle,Person23
Person23_29,redWhistle,Person23
Person23_30,none,Person23
Person23_31,redWhistle,Person23
Person23_32,redWhistle,Person23
Person23_33,redWhistle,Person23
Person23_34,rainbowPens,Person23
Person23_35,rainbowPens,Person23
Person23_36,rainbowPens,Person23
Person23_37,rainbowPens,Person23
Person23_38,rainbowPens,Person23
Person23_39,rainbowPens,Person23
Person23_40,rainbowPens,Person23
Person23_41,rainbowPens,Person23
Person23_42,rainbowPens,Person23
Person23_43,rainbowPens,Person23
Person23_44,rainbowPens,Person23
Person23_45,rainbowPens,Person23
Person23_46,rainbowPens,Person23
Person23_47,brownDie,Person23
Person23_48,brownDie,Person23
Person23_49,brownDie,Person23
Person23_50,brownDie,Person23
Person23_51,brownDie,Person23
Person23_52,brownDie,Person23
Person23_53,brownDie,Person23
Person23_54,brownDie,Person23
Person23_55,brownDie,Person23
Person23_56,brownDie,Person23
Person23_57,brownDie,Person23
Person23_58,brownDie,Person23
Person23_59,brownDie,Person23
Person23_60,brownDie,Person23
Person23_61,brownDie,Person23
Person23_62,pinkCandle,Person23
Person23_63,pinkCandle,Person23
Person23_64,pinkCandle,Person23
Person23_65,pinkCandle,Person23
Person23_66,pinkCandle,Person23
Person23_67,pinkCandle,Person23
Person23_68,pinkCandle,Person23
Person23_69,pinkCandle,Person23
Person23_70,pinkCandle,Person23
Person23_71,pinkCandle,Person23
Person23_72,pinkCandle,Person23
Person23_73,cupcakePaper,Person23
Person23_74,cupcakePaper,Person23
Person23_75,cupcakePaper,Person23
Person23_76,cupcakePaper,Person23
Person23_77,cupcakePaper,Person23
Person23_78,cupcakePaper,Person23
Person23_79,cupcakePaper,Person23
Person23_80,cupcakePaper,Person23
Person23_81,cupcakePaper,Person23
Person23_82,cupcakePaper,Person23
Person23_83,cupcakePaper,Person23
Person35_1,canadaPencil,Person35
Person35_1,trophy,Person35
Person35_1,cowbell,Person35
Person35_1,eyeball,Person35
Person35_1,turtle,Person35
Person35_1,gyroscope,Person35
Person35_2,trophy,Person35
Person35_3,pinkCandle,Person35
Person35_4,turtle,Person35
Person35_5,cowbell,Person35
Person35_6,gyroscope,Person35
Person35_6,cowbell,Person35
Person35_6,canadaPencil,Person35
Person35_7,canadaPencil,Person35
Person35_8,canadaPencil,Person35
Person35_8,trophy,Person35
Person35_8,pinkCandle,Person35
Person35_9,gyroscope,Person35
Person35_9,cowbell,Person35
Person35_9,eyeball,Person35
Person35_10,cowbell,Person35
Person35_11,eyeball,Person35
Person35_12,eyeball,Person35
Person35_12,cowbell,Person35
Person21_1,pumpkinNotes,Person21
Person21_1,gClamp,Person21
Person21_1,lavenderDie,Person21
Person21_1,rubiksCube,Person21
Person21_1,yellowBag,Person21
Person21_1,sign,Person21
Person21_2,sign,Person21
Person21_2,gClamp,Person21
Person21_3,pumpkinNotes,Person21
Person21_3,rubiksCube,Person21
Person21_4,yellowBag,Person21
Person8_1,cloudSign,Person8
Person8_2,rubiksCube,Person8
Person8_3,vancouverCards,Person8
Person8_4,voiceRecorder,Person8
Person8_5,none,Person8
Person8_6,cactusPaper,Person8
Person8_7,none,Person8
Person8_8,silverStraw,Person8
Person8_9,metalKey,Person8
Person9_1,stickerBox,Person9
Person9_2,metalKey,Person9
Person9_3,metalKey,Person9
Person9_3,hairRoller,Person9
Person9_4,hairRoller,Person9
Person9_4,pinkCandle,Person9
Person9_5,pinkCandle,Person9
Person9_6,blueSunglasses,Person9
Person9_7,blueSunglasses,Person9
Person9_8,blueSunglasses,Person9
Person9_8,hairRoller,Person9
Person9_9,blueSunglasses,Person9
Person9_10,blueSunglasses,Person9
Person9_11,pinkCandle,Person9
Person9_12,blueSunglasses,Person9
Person9_13,pinkEraser,Person9
Person9_14,pinkEraser,Person9
Person9_15,blueSunglasses,Person9
Person9_16,blueSunglasses,Person9
Person9_17,hairRoller,Person9
Person9_18,hairRoller,Person9
Person9_19,hairRoller,Person9
Person9_20,blueSunglasses,Person9
Person9_20,hairRoller,Person9
Person9_21,cactusPaper,Person9
Person9_22,cactusPaper,Person9
Person9_23,cactusPaper,Person9
Person9_24,cactusPaper,Person9
Person9_25,blueSunglasses,Person9
Person9_26,metalKey,Person9
Person20_1,partyFavor,Person20
Person20_2,partyFavor,Person20
Person20_3,hairClip,Person20
Person20_4,cloudSign,Person20
Person20_5,hairClip,Person20
Person20_6,noisemaker,Person20
Person20_7,noisemaker,Person20
Person20_8,noisemaker,Person20
Person20_8,cloudSign,Person20
Person20_9,redBow,Person20
Person20_10,redBow,Person20
Person20_11,gClamp,Person20
Person20_12,gClamp,Person20
Person20_13,metalKey,Person20
Person20_14,metalKey,Person20
Person20_15,metalKey,Person20
Person20_16,noisemaker,Person20
Person20_17,gClamp,Person20
Person20_18,redBow,Person20
Person20_18,partyFavor,Person20
Person20_19,redBow,Person20
Person20_20,metalKey,Person20
Person20_21,metalKey,Person20
Person20_22,eyeball,Person20
Person20_23,eyeball,Person20
Person20_24,cloudSign,Person20
Person20_24,hairClip,Person20
Person20_25,cloudSign,Person20
Person20_25,hairClip,Person20
Person20_26,gClamp,Person20
Person20_27,redBow,Person20
Person20_28,partyFavor,Person20
Person20_29,partyFavor,Person20
Person34_1,none,Person34
Person34_2,rubiksCube,Person34
Person34_2,turtle,Person34
Person34_2,partyFavor,Person34
Person34_2,spiderRing,Person34
Person34_2,redBow,Person34
Person34_2,legoBracelet,Person34
Person34_3,spiderRing,Person34
Person34_4,rubiksCube,Person34
Person34_5,spiderRing,Person34
Person34_5,turtle,Person34
Person34_6,none,Person34
Person34_7,turtle,Person34
Person34_8,rubiksCube,Person34
Person34_8,spiderRing,Person34
Person34_8,redBow,Person34
Person34_9,legoBracelet,Person34
Person34_10,turtle,Person34
Person34_10,partyFavor,Person34
Person34_10,spiderRing,Person34
Person34_10,rubiksCube,Person34
Person34_10,legoBracelet,Person34
Person34_11,redBow,Person34
Person34_11,legoBracelet,Person34
Person34_12,rubiksCube,Person34
Person34_13,partyFavor,Person34
Person34_14,partyFavor,Person34
Person34_15,none,Person34
Person34_16,rubiksCube,Person34
Person34_17,partyFavor,Person34
Person34_18,turtle,Person34
Person34_19,rubiksCube,Person34
Person34_19,vancouverCards,Person34
Person34_20,none,Person34
Person34_21,rubiksCube,Person34
Person34_21,legoBracelet,Person34
Person34_21,partyFavor,Person34
Person34_22,redBow,Person34
Person34_22,turtle,Person34
Person34_23,redBow,Person34
Person34_23,turtle,Person34
Person34_23,rubiksCube,Person34
Person34_24,legoBracelet,Person34
Person34_24,rubiksCube,Person34
Person34_25,redBow,Person34
Person34_25,turtle,Person34
Person34_26,turtle,Person34
Person34_27,legoBracelet,Person34
Person34_28,redBow,Person34
Person34_29,turtle,Person34
Person34_30,rubiksCube,Person34
Person34_31,rubiksCube,Person34
Person34_32,partyFavor,Person34
Person34_32,vancouverCards,Person34
Person34_33,partyFavor,Person34
Person34_33,redBow,Person34
Person34_33,rubiksCube,Person34
Person34_33,vancouverCards,Person34
Person34_33,legoBracelet,Person34
Person34_34,legoBracelet,Person34
Person34_34,rubiksCube,Person34
Person34_34,partyFavor,Person34
Person34_35,redBow,Person34
Person34_36,rubiksCube,Person34
Person34_37,none,Person34
Person34_38,partyFavor,Person34
Person34_39,partyFavor,Person34
Person34_39,rubiksCube,Person34
Person34_40,partyFavor,Person34
Person34_41,partyFavor,Person34
Person34_41,spiderRing,Person34
Person34_42,spiderRing,Person34
Person34_42,redBow,Person34
Person34_43,rubiksCube,Person34
Person34_43,turtle,Person34
Person34_44,turtle,Person34
Person34_45,spiderRing,Person34
Person34_46,spiderRing,Person34
Person34_47,turtle,Person34
Person34_48,turtle,Person34
Person34_48,spiderRing,Person34
Person34_49,turtle,Person34
Person34_49,spiderRing,Person34
Person34_49,redBow,Person34
Person34_50,legoBracelet,Person34
Person11_1,foamDart,Person11
Person11_2,foamDart,Person11
Person11_3,rainbowPens,Person11
Person11_4,rainbowPens,Person11
Person11_5,eyeball,Person11
Person11_6,eyeball,Person11
Person11_7,eyeball,Person11
Person11_7,foamDart,Person11
Person11_8,foamDart,Person11
Person11_9,foamDart,Person11
Person11_10,cactusPaper,Person11
Person11_11,cactusPaper,Person11
Person11_12,cactusPaper,Person11
Person11_13,giftBag,Person11
Person11_14,foamDart,Person11
Person11_15,cupcakePaper,Person11
Person11_16,rainbowPens,Person11
Person11_17,noisemaker,Person11
Person11_18,noisemaker,Person11
Person11_19,eyeball,Person11
Person11_20,giftBag,Person11
Person11_21,rainbowPens,Person11
Person11_22,cupcakePaper,Person11
Person11_23,rainbowPens,Person11
Person11_24,foamDart,Person11
Person11_25,cupcakePaper,Person11
Person11_26,rainbowPens,Person11
Person11_27,rainbowPens,Person11
Person11_28,hairClip,Person11
Person11_29,cactusPaper,Person11
Person11_30,giftBag,Person11
Person39_1,vancouverCards,Person39
Person39_2,voiceRecorder,Person39
Person39_3,blueSunglasses,Person39
Person39_3,canadaPencil,Person39
Person39_4,blueSunglasses,Person39
Person39_4,canadaPencil,Person39
Person39_5,legoBracelet,Person39
Person39_6,legoBracelet,Person39
Person39_7,legoBracelet,Person39
Person39_8,legoBracelet,Person39
Person39_8,redDart,Person39
Person39_8,foamDart,Person39
Person39_9,redDart,Person39
Person39_9,foamDart,Person39
Person39_10,miniCards,Person39
Person39_11,miniCards,Person39
Person39_11,canadaPencil,Person39
Person39_12,miniCards,Person39
Person39_12,redDart,Person39
Person4_1,plaidPencil,Person4
Person4_2,rubiksCube,Person4
Person4_2,plaidPencil,Person4
Person4_3,plaidPencil,Person4
Person4_4,hairClip,Person4
Person4_5,hairClip,Person4
Person4_6,cupcakePaper,Person4
Person4_7,cupcakePaper,Person4
Person4_8,yellowBalloon,Person4
Person4_9,yellowBalloon,Person4
Person4_10,miniCards,Person4
Person4_11,miniCards,Person4
Person4_12,canadaPencil,Person4
Person4_13,canadaPencil,Person4
Person4_14,rubiksCube,Person4
Person4_14,miniCards,Person4
Person4_15,canadaPencil,Person4
Person4_16,cupcakePaper,Person4
Person4_17,yellowBalloon,Person4
Person4_18,miniCards,Person4
Person4_18,rubiksCube,Person4
Person4_18,lavenderDie,Person4
Person4_19,canadaPencil,Person4
Person4_19,plaidPencil,Person4
Person4_19,cupcakePaper,Person4
Person4_19,hairClip,Person4
Person4_19,miniCards,Person4
Person4_19,rubiksCube,Person4
Person4_19,yellowBalloon,Person4
Person4_20,plaidPencil,Person4
Person4_20,canadaPencil,Person4
Person4_21,plaidPencil,Person4
Person4_21,canadaPencil,Person4
Person4_22,plaidPencil,Person4
Person4_23,canadaPencil,Person4
Person4_24,plaidPencil,Person4
Person4_24,canadaPencil,Person4
Person4_25,plaidPencil,Person4
Person5_1,eyeball,Person5
Person5_2,eyeball,Person5
Person5_2,sign,Person5
Person5_3,eyeball,Person5
Person5_3,sign,Person5
Person5_3,legoBracelet,Person5
Person5_4,eyeball,Person5
Person5_4,pinkEraser,Person5
Person5_4,legoBracelet,Person5
Person5_5,redWhistle,Person5
Person5_5,pinkEraser,Person5
Person5_5,legoBracelet,Person5
Person5_6,redWhistle,Person5
Person5_6,pinkEraser,Person5
Person5_6,legoBracelet,Person5
Person5_7,eyeball,Person5
Person5_7,sign,Person5
Person5_8,eyeball,Person5
Person5_8,pinkEraser,Person5
Person5_8,legoBracelet,Person5
Person5_9,none,Person5
Person5_10,none,Person5
Person5_11,none,Person5
Person5_12,redWhistle,Person5
Person5_13,redWhistle,Person5
Person5_13,legoBracelet,Person5
Person5_14,none,Person5
Person5_15,none,Person5
Person5_16,sign,Person5
Person5_17,sign,Person5
Person5_17,pinkEraser,Person5
Person5_18,eyeball,Person5
Person5_18,legoBracelet,Person5
Person5_19,yellowBalloon,Person5
Person5_20,none,Person5
Person5_21,pinkEraser,Person5
Person5_22,yellowBalloon,Person5
Person5_23,yellowBalloon,Person5
Person5_24,redWhistle,Person5
Person5_25,redWhistle,Person5
Person5_25,eyeball,Person5
Person5_26,pinkEraser,Person5
Person5_27,pinkEraser,Person5
Person5_28,eyeball,Person5
Person5_29,eyeball,Person5
Person5_29,sign,Person5
Person5_30,eyeball,Person5
Person5_30,sign,Person5
Person5_31,eyeball,Person5
Person5_32,yellowBalloon,Person5
Person5_33,yellowBalloon,Person5
Person5_34,none,Person5
Person5_35,eyeball,Person5
Person5_35,sign,Person5
Person5_35,pinkEraser,Person5
Person5_36,eyeball,Person5
Person5_37,eyeball,Person5
Person5_38,pinkEraser,Person5
Person5_38,redWhistle,Person5
Person5_39,pinkEraser,Person5
Person5_40,eyeball,Person5
Person5_41,eyeball,Person5
Person5_41,pinkEraser,Person5
Person5_41,legoBracelet,Person5
Person5_42,eyeball,Person5
Person5_42,pinkEraser,Person5
Person5_42,legoBracelet,Person5
Person5_42,redWhistle,Person5
Person5_43,eyeball,Person5
Person5_43,legoBracelet,Person5
Person38_1,rainbowPens,Person38
Person38_2,rainbowPens,Person38
Person38_3,yellowBag,Person38
Person38_4,rainbowPens,Person38
Person38_4,yellowBag,Person38
Person38_5,redWhistle,Person38
Person38_6,redWhistle,Person38
Person38_7,redWhistle,Person38
Person38_7,yellowBag,Person38
Person38_7,rainbowPens,Person38
Person38_8,cowbell,Person38
Person38_9,cowbell,Person38
Person38_10,rubiksCube,Person38
Person38_11,rubiksCube,Person38
Person38_12,rubiksCube,Person38
Person38_13,redDart,Person38
Person38_14,redDart,Person38
Person38_15,rainbowPens,Person38
Person38_15,redWhistle,Person38
Person38_15,cowbell,Person38
Person38_15,redDart,Person38
Person38_16,redDart,Person38
Person38_16,cowbell,Person38
Person38_16,redWhistle,Person38
Person38_16,rainbowPens,Person38
Person38_16,rubiksCube,Person38
Person38_16,yellowBag,Person38
Person10_1,partyFavor,Person10
Person10_1,sign,Person10
Person10_1,lavenderDie,Person10
Person10_1,miniCards,Person10
Person10_1,plaidPencil,Person10
Person10_1,voiceRecorder,Person10
Person10_2,cactusPaper,Person10
Person10_3,cactusPaper,Person10
Person10_4,plaidPencil,Person10
Person10_5,plaidPencil,Person10
Person10_6,cactusPaper,Person10
Person10_7,lavenderDie,Person10
Person10_7,miniCards,Person10
Person10_8,lavenderDie,Person10
Person10_9,lavenderDie,Person10
Person10_10,lavenderDie,Person10
Person10_11,lavenderDie,Person10
Person10_12,cactusPaper,Person10
Person10_13,cactusPaper,Person10
Person10_14,plaidPencil,Person10
Person10_15,plaidPencil,Person10
Person10_16,plaidPencil,Person10
Person10_17,lavenderDie,Person10
Person10_18,partyFavor,Person10
Person10_18,miniCards,Person10
Person10_18,lavenderDie,Person10
Person10_18,plaidPencil,Person10
Person10_18,voiceRecorder,Person10
Person10_19,sign,Person10
Person10_19,lavenderDie,Person10
Person10_19,voiceRecorder,Person10
Person10_19,plaidPencil,Person10
Person10_19,partyFavor,Person10
Person10_19,miniCards,Person10
Person10_20,miniCards,Person10
Person10_20,partyFavor,Person10
Person10_21,plaidPencil,Person10
Person10_22,cactusPaper,Person10
Person10_23,miniCards,Person10
Person10_24,miniCards,Person10
Person10_25,plaidPencil,Person10
Person12_1,yellowBag,Person12
Person12_1,cactusPaper,Person12
Person12_2,yellowBag,Person12
Person12_2,cactusPaper,Person12
Person12_3,cactusPaper,Person12
Person12_4,pumpkinNotes,Person12
Person12_5,pumpkinNotes,Person12
Person12_5,hairClip,Person12
Person12_5,legoBracelet,Person12
Person12_5,cactusPaper,Person12
Person12_5,noisemaker,Person12
Person12_5,yellowBag,Person12
Person12_6,hairClip,Person12
Person12_7,hairClip,Person12
Person12_7,cactusPaper,Person12
Person12_7,noisemaker,Person12
Person12_8,hairClip,Person12
Person12_8,noisemaker,Person12
Person12_8,legoBracelet,Person12
Person12_8,cactusPaper,Person12
Person12_8,pumpkinNotes,Person12
Person12_9,noisemaker,Person12
Person12_10,noisemaker,Person12
Person12_11,noisemaker,Person12
Person12_11,legoBracelet,Person12
Person12_12,legoBracelet,Person12
Person12_12,hairClip,Person12
Person12_12,yellowBag,Person12
Person12_13,legoBracelet,Person12
Person12_13,hairClip,Person12
Person12_13,yellowBag,Person12
Person12_14,none,Person12
Person12_15,pumpkinNotes,Person12
Person7_1,cactusPaper,Person7
Person7_1,canadaPencil,Person7
Person7_2,blueSunglasses,Person7
Person7_3,brownDie,Person7
Person7_4,trophy,Person7
Person7_5,blueSunglasses,Person7
Person7_6,brownDie,Person7
Person7_7,paperPlate,Person7
Person7_8,blueSunglasses,Person7
Person7_9,trophy,Person7
Person7_9,redWhistle,Person7
Person7_10,redWhistle,Person7
Person7_11,trophy,Person7
Person7_12,trophy,Person7
Person7_12,redWhistle,Person7
Person7_12,brownDie,Person7
Person7_12,blueSunglasses,Person7
Person7_12,canadaPencil,Person7
Person7_12,cactusPaper,Person7
Person7_12,paperPlate,Person7
Person7_13,trophy,Person7
Person7_14,trophy,Person7
Person7_14,canadaPencil,Person7
Person7_15,canadaPencil,Person7
Person7_16,brownDie,Person7
Person7_17,redWhistle,Person7
Person6_1,rubiksCube,Person6
Person6_1,lavenderDie,Person6
Person6_1,miniCards,Person6
Person6_2,none,Person6
Person6_3,none,Person6
Person6_4,redBow,Person6
Person6_5,none,Person6
Person6_6,foamDart,Person6
Person6_7,foamDart,Person6
Person6_8,yellowBag,Person6
Person6_9,yellowBag,Person6
Person6_10,yellowBag,Person6
Person6_11,redBow,Person6
Person6_12,none,Person6
Person6_13,none,Person6
Person6_14,pinkCandle,Person6
Person6_14,redBow,Person6
Person6_15,yellowBalloon,Person6
Person6_16,yellowBalloon,Person6
Person6_17,pinkCandle,Person6
Person6_18,yellowBalloon,Person6
Person6_19,pinkCandle,Person6
Person6_20,pinkCandle,Person6
Person6_21,pinkCandle,Person6
Person6_21,yellowBalloon,Person6
Person6_21,foamDart,Person6
Person6_21,lavenderDie,Person6
Person6_21,yellowBag,Person6
Person6_21,redBow,Person6
Person6_22,silverStraw,Person6
Person6_23,lavenderDie,Person6
Person6_24,redBow,Person6
Person6_25,pinkCandle,Person6
Person6_26,pinkCandle,Person6
Person6_27,lavenderDie,Person6
Person6_28,lavenderDie,Person6
Person6_29,lavenderDie,Person6
Person6_30,silverStraw,Person6
Person13_1,birdCall,Person13
Person13_1,partyFavor,Person13
Person13_1,legoBracelet,Person13
Person13_1,blueSunglasses,Person13
Person13_1,miniCards,Person13
Person13_1,cupcakePaper,Person13
Person13_1,paperPlate,Person13
Person13_2,birdCall,Person13
Person13_2,partyFavor,Person13
Person13_2,legoBracelet,Person13
Person13_2,blueSunglasses,Person13
Person13_2,miniCards,Person13
Person13_2,cupcakePaper,Person13
Person13_3,birdCall,Person13
Person13_3,partyFavor,Person13
Person13_3,legoBracelet,Person13
Person13_3,blueSunglasses,Person13
Person13_3,miniCards,Person13
Person13_3,cupcakePaper,Person13
Person13_4,miniCards,Person13
Person13_5,partyFavor,Person13
Person13_5,cupcakePaper,Person13
Person13_6,blueSunglasses,Person13
Person13_7,birdCall,Person13
Person13_8,legoBracelet,Person13
Person13_8,cupcakePaper,Person13
Person13_9,paperPlate,Person13
Person13_10,blueSunglasses,Person13
Person13_11,birdCall,Person13
Person13_12,birdCall,Person13
Person13_12,miniCards,Person13
Person13_13,partyFavor,Person13
Person13_13,cupcakePaper,Person13
Person13_14,blueSunglasses,Person13
Person13_14,paperPlate,Person13
Person13_14,legoBracelet,Person13
Person13_15,legoBracelet,Person13
Person13_16,partyFavor,Person13
Person13_16,paperPlate,Person13
Person13_17,blueSunglasses,Person13
Person13_17,legoBracelet,Person13
Person13_18,cupcakePaper,Person13
Person13_19,partyFavor,Person13
Person13_19,paperPlate,Person13
Person13_20,blueSunglasses,Person13
Person13_20,paperPlate,Person13
Person13_20,partyFavor,Person13
Person13_20,legoBracelet,Person13
Person13_21,blueSunglasses,Person13
Person13_21,paperPlate,Person13
Person13_21,partyFavor,Person13
Person13_21,legoBracelet,Person13
Person13_21,miniCards,Person13
Person13_21,birdCall,Person13
Person13_22,cupcakePaper,Person13
Person13_23,blueSunglasses,Person13
Person13_23,partyFavor,Person13
Person13_23,paperPlate,Person13
Person13_23,legoBracelet,Person13
Person13_23,miniCards,Person13
Person13_23,birdCall,Person13
Person13_24,birdCall,Person13
Person13_25,miniCards,Person13
Person13_26,partyFavor,Person13
Person13_27,partyFavor,Person13
Person13_27,blueSunglasses,Person13
Person13_28,legoBracelet,Person13
Person13_29,cupcakePaper,Person13
Person13_29,paperPlate,Person13
Person13_30,miniCards,Person13
Person13_31,miniCards,Person13
Person13_31,birdCall,Person13
Person13_31,paperPlate,Person13
Person13_32,birdCall,Person13
Person13_32,blueSunglasses,Person13
Person13_32,legoBracelet,Person13
Person13_32,cupcakePaper,Person13
Person13_32,miniCards,Person13
Person13_32,partyFavor,Person13
Person13_33,birdCall,Person13
Person13_33,blueSunglasses,Person13
Person13_33,legoBracelet,Person13
Person13_33,cupcakePaper,Person13
Person13_33,miniCards,Person13
Person13_33,partyFavor,Person13
Person13_34,partyFavor,Person13
Person13_35,miniCards,Person13
Person13_36,legoBracelet,Person13
Person13_37,blueSunglasses,Person13
Person17_1,rainbowPens,Person17
Person17_1,glassBead,Person17
Person17_2,rainbowPens,Person17
Person17_2,rubiksCube,Person17
Person17_3,rainbowPens,Person17
Person17_3,glassBead,Person17
Person17_3,stickerBox,Person17
Person17_3,redBow,Person17
Person17_4,redBow,Person17
Person17_5,redBow,Person17
Person17_5,stickerBox,Person17
Person17_6,stickerBox,Person17
Person17_7,rubiksCube,Person17
Person17_8,glassBead,Person17
Person17_9,rainbowPens,Person17
Person17_10,rubiksCube,Person17
Person17_11,rubiksCube,Person17
Person17_12,rubiksCube,Person17
Person17_13,redBow,Person17
Person17_14,redBow,Person17
Person17_15,stickerBox,Person17
Person17_16,rainbowPens,Person17
Person17_17,rubiksCube,Person17
Person17_18,glassBead,Person17
Person17_19,rainbowPens,Person17
Person17_20,rainbowPens,Person17
Person17_20,rubiksCube,Person17
Person17_20,redBow,Person17
Person17_20,glassBead,Person17
Person17_21,none,Person17
Person17_22,none,Person17
Person17_23,rainbowPens,Person17
Person17_24,rubiksCube,Person17
Person17_25,stickerBox,Person17
Person17_26,glassBead,Person17
Person17_27,glassBead,Person17
Person17_28,rainbowPens,Person17
Person17_29,rainbowPens,Person17
Person17_30,rainbowPens,Person17
Person17_30,glassBead,Person17
Person17_31,rubiksCube,Person17
Person17_32,stickerBox,Person17
Person17_33,rainbowPens,Person17
Person17_34,glassBead,Person17
Person17_35,rubiksCube,Person17
Person17_36,rainbowPens,Person17
Person17_37,rainbowPens,Person17
Person17_37,rubiksCube,Person17
Person17_38,glassBead,Person17
Person17_39,glassBead,Person17
Person17_40,glassBead,Person17
Person17_41,rainbowPens,Person17
Person17_42,rainbowPens,Person17
Person17_43,rainbowPens,Person17
Person17_44,rainbowPens,Person17
Person17_44,glassBead,Person17
Person17_45,rainbowPens,Person17
Person17_46,rainbowPens,Person17
Person17_47,rainbowPens,Person17
Person17_48,rubiksCube,Person17
Person17_49,rubiksCube,Person17
Person17_50,rubiksCube,Person17
Person17_51,rainbowPens,Person17
Person17_52,rainbowPens,Person17
Person17_52,rubiksCube,Person17
Person17_53,none,Person17
Person17_54,glassBead,Person17
Person17_55,stickerBox,Person17
Person17_56,rainbowPens,Person17
Person17_57,rainbowPens,Person17
Person17_58,rubiksCube,Person17
Person17_59,stickerBox,Person17
Person17_60,blueSunglasses,Person17
Person17_61,birdCall,Person17
Person17_62,blueSunglasses,Person17
Person17_63,blueSunglasses,Person17
Person17_64,blueSunglasses,Person17
Person2_1,yellowBalloon,Person2
Person2_1,noisemaker,Person2
Person2_2,metalKey,Person2
Person2_3,blueSunglasses,Person2
Person2_3,brownDie,Person2
Person2_4,noisemaker,Person2
Person2_5,metalKey,Person2
Person2_5,spiderRing,Person2
Person2_5,brownDie,Person2
Person2_5,lavenderDie,Person2
Person2_6,metalKey,Person2
Person2_6,lavenderDie,Person2
Person2_6,yellowBalloon,Person2
Person2_6,blueSunglasses,Person2
Person2_6,brownDie,Person2
Person2_7,blueSunglasses,Person2
Person2_7,spiderRing,Person2
Person2_8,brownDie,Person2
Person2_8,lavenderDie,Person2
Person2_8,metalKey,Person2
Person2_8,spiderRing,Person2
Person2_8,blueSunglasses,Person2
Person2_9,lavenderDie,Person2
Person2_10,spiderRing,Person2
Person2_10,metalKey,Person2
Person2_10,blueSunglasses,Person2
Person2_11,brownDie,Person2
Person2_11,lavenderDie,Person2
Person2_11,blueSunglasses,Person2
Person2_11,noisemaker,Person2
Person2_12,noisemaker,Person2
Person2_12,blueSunglasses,Person2
Person2_12,brownDie,Person2
Person2_12,spiderRing,Person2
Person2_12,metalKey,Person2
Person2_12,yellowBalloon,Person2
Person2_13,yellowBalloon,Person2
Person2_13,noisemaker,Person2
Person2_14,spiderRing,Person2
Person2_14,blueSunglasses,Person2
Person2_15,blueSunglasses,Person2
Person2_15,noisemaker,Person2
Person2_15,brownDie,Person2
Person2_15,metalKey,Person2
Person2_15,spiderRing,Person2
Person3_1,glassBead,Person3
Person3_1,yellowBalloon,Person3
Person3_2,glassBead,Person3
Person3_2,yellowBalloon,Person3
Person3_3,glassBead,Person3
Person3_4,glassBead,Person3
Person3_5,glassBead,Person3
Person3_6,cowbell,Person3
Person3_7,rainbowPens,Person3
Person3_7,pumpkinNotes,Person3
Person3_8,rainbowPens,Person3
Person3_8,pumpkinNotes,Person3
Person3_9,rainbowPens,Person3
Person3_9,pumpkinNotes,Person3
Person3_10,rainbowPens,Person3
Person3_11,glassBead,Person3
Person3_11,giftBag,Person3
Person3_11,rainbowPens,Person3
Person3_12,giftBag,Person3
Person3_13,yellowBalloon,Person3
Person3_13,glassBead,Person3
Person3_13,cowbell,Person3
Person3_14,pumpkinNotes,Person3
Person3_14,rainbowPens,Person3
Person3_14,yellowBalloon,Person3
Person3_15,rainbowPens,Person3
Person3_15,pumpkinNotes,Person3
Person3_16,pumpkinNotes,Person3
Person3_16,rainbowPens,Person3
Person3_17,yellowBalloon,Person3
Person3_18,yellowBalloon,Person3
Person3_19,yellowBalloon,Person3
Person3_20,yellowBalloon,Person3
Person3_21,yellowBalloon,Person3
Person3_22,rainbowPens,Person3
Person3_23,cowbell,Person3
Person3_23,rainbowPens,Person3
Person3_23,pumpkinNotes,Person3
Person3_24,rainbowPens,Person3
Person3_24,giftBag,Person3
Person3_25,none,Person3
Person16_1,plaidPencil,Person16
Person16_2,plaidPencil,Person16
Person16_3,trophy,Person16
Person16_4,lavenderDie,Person16
Person16_5,birdCall,Person16
Person16_6,plaidPencil,Person16
Person16_7,cowbell,Person16
Person16_8,yellowBag,Person16
Person16_9,metalKey,Person16
Person16_10,none,Person16
Person28_1,spiderRing,Person28
Person28_2,spiderRing,Person28
Person28_3,stickerBox,Person28
Person28_3,hairClip,Person28
Person28_4,carabiner,Person28
Person28_4,yellowBag,Person28
Person28_5,carabiner,Person28
Person28_5,cowbell,Person28
Person28_6,pinkEraser,Person28
Person14_1,cloudSign,Person14
Person14_2,cloudSign,Person14
Person14_3,gyroscope,Person14
Person14_4,gyroscope,Person14
Person14_5,gyroscope,Person14
Person14_6,miniCards,Person14
Person14_7,miniCards,Person14
Person14_8,canadaPencil,Person14
Person14_9,canadaPencil,Person14
Person14_9,pinkCandle,Person14
Person14_10,canadaPencil,Person14
Person14_10,pinkCandle,Person14
Person14_10,birdCall,Person14
Person14_11,pumpkinNotes,Person14
Person14_12,cloudSign,Person14
Person14_12,pumpkinNotes,Person14
Person14_13,pinkCandle,Person14
Person14_14,miniCards,Person14
Person14_14,birdCall,Person14
Person14_15,miniCards,Person14
Person14_15,birdCall,Person14
Person14_16,canadaPencil,Person14
Person14_16,birdCall,Person14
Person14_17,canadaPencil,Person14
Person14_17,cloudSign,Person14
Person14_18,gyroscope,Person14
Person14_19,birdCall,Person14
Person1_1,noisemaker,Person1
Person1_2,rainbowPens,Person1
Person1_3,none,Person1
Person1_4,none,Person1
Person1_5,none,Person1
Person1_6,miniCards,Person1
Person1_7,yellowBalloon,Person1
Person1_8,trophy,Person1
Person1_9,trophy,Person1
Person1_10,vancouverCards,Person1
Person1_11,pinkEraser,Person1
Person15_1,noisemaker,Person15
Person15_1,gClamp,Person15
Person15_1,canadaPencil,Person15
Person15_2,noisemaker,Person15
Person15_3,sign,Person15
Person15_4,sign,Person15
Person15_4,noisemaker,Person15
Person15_5,hairRoller,Person15
Person15_6,hairRoller,Person15
Person15_7,pinkEraser,Person15
Person15_8,pinkEraser,Person15
Person15_9,birdCall,Person15
Person15_10,birdCall,Person15
Person15_11,foamDart,Person15
Person15_11,noisemaker,Person15
Person15_11,gClamp,Person15
Person15_11,canadaPencil,Person15
Person15_12,foamDart,Person15
Person15_13,voiceRecorder,Person15
Person29_1,redBow,Person29
Person29_2,redBow,Person29
Person29_3,redBow,Person29
Person29_4,carabiner,Person29
Person29_5,lavenderDie,Person29
Person29_6,glassBead,Person29
Person29_7,redBow,Person29
Person29_7,carabiner,Person29
Person29_7,trophy,Person29
Person29_7,redWhistle,Person29
Person29_8,plaidPencil,Person29
Person29_9,plaidPencil,Person29
Person29_10,trophy,Person29
Person29_11,trophy,Person29
Person29_11,lavenderDie,Person29
Person29_12,redBow,Person29
Person29_12,redWhistle,Person29
Person29_12,lavenderDie,Person29
Person29_12,glassBead,Person29
Person29_12,plaidPencil,Person29
Person29_12,trophy,Person29
Person29_12,carabiner,Person29
Person29_13,trophy,Person29
Person29_13,glassBead,Person29
Person29_14,redWhistle,Person29
